nu_m,emittance_cen
8.399999999999999689e-01,5.927217483462527423e-04
8.499999999999999778e-01,5.847856045821572249e-04
8.599999999999999867e-01,5.952142326721670661e-04
8.699999999999999956e-01,5.943105587040039802e-04
8.800000000000000044e-01,5.865267653630205479e-04
8.899999999999999023e-01,5.923823529220686524e-04
8.999999999999999112e-01,5.941525265706231775e-04
9.099999999999999201e-01,5.829894145756051938e-04
9.199999999999999289e-01,5.959580623131325748e-04
9.299999999999999378e-01,5.893961006186005346e-04
9.399999999999999467e-01,5.932523454628765716e-04
